<?xml version="1.0"?>
<doc>
    <assembly>
        <name>MahApps.Metro.IconPacks.Material</name>
    </assembly>
    <members>
        <member name="T:MahApps.Metro.IconPacks.PackIconMaterial">
            <summary>
            All icons sourced from Material Design Icons Font v1.6.50 - <see><cref>https://materialdesignicons.com</cref></see> - in accordance of
            <see><cref>https://github.com/Templarian/MaterialDesign/blob/master/license.txt</cref></see>.
            </summary>
        </member>
        <member name="P:MahApps.Metro.IconPacks.PackIconMaterial.Kind">
            <summary>
            Gets or sets the icon to display.
            </summary>
        </member>
        <member name="T:MahApps.Metro.IconPacks.PackIconMaterialDataFactory">
            ******************************************
            This code is auto generated. Do not amend.
            ******************************************
        </member>
        <member name="T:MahApps.Metro.IconPacks.PackIconMaterialKind">
            ******************************************
            This code is auto generated. Do not amend.
            ******************************************
            <summary>
            List of available icons for use with <see cref="T:MahApps.Metro.IconPacks.PackIconMaterial" />.
            </summary>
            <remarks>
            All icons sourced from Material Design Icons Font v1.6.50 - <see><cref>https://materialdesignicons.com</cref></see> - in accordance of
            <see><cref>https://github.com/Templarian/MaterialDesign/blob/master/license.txt</cref></see>.
            </remarks>
        </member>
        <member name="T:MahApps.Metro.IconPacks.PathIconMaterial">
            <summary>
            All icons sourced from Material Design Icons Font v1.6.50 - <see><cref>https://materialdesignicons.com</cref></see> - in accordance of
            <see><cref>https://github.com/Templarian/MaterialDesign/blob/master/license.txt</cref></see>.
            </summary>
        </member>
        <member name="P:MahApps.Metro.IconPacks.PathIconMaterial.Kind">
            <summary>
            Gets or sets the icon to display.
            </summary>
        </member>
        <member name="T:MahApps.Metro.IconPacks.MahApps_Metro_IconPacks_Material_XamlTypeInfo.XamlMetaDataProvider">
            <summary>
            Main class for providing metadata for the app or library
            </summary>
        </member>
        <member name="M:MahApps.Metro.IconPacks.MahApps_Metro_IconPacks_Material_XamlTypeInfo.XamlMetaDataProvider.GetXamlType(System.Type)">
            <summary>
            GetXamlType(Type)
            </summary>
        </member>
        <member name="M:MahApps.Metro.IconPacks.MahApps_Metro_IconPacks_Material_XamlTypeInfo.XamlMetaDataProvider.GetXamlType(System.String)">
            <summary>
            GetXamlType(String)
            </summary>
        </member>
        <member name="M:MahApps.Metro.IconPacks.MahApps_Metro_IconPacks_Material_XamlTypeInfo.XamlMetaDataProvider.GetXmlnsDefinitions">
            <summary>
            GetXmlnsDefinitions()
            </summary>
        </member>
    </members>
</doc>
